{
  "project_info": {
    "project_number": "1085848859236",
    "project_id": "hotelreservation-8f21f",
    "storage_bucket": "hotelreservation-8f21f.firebasestorage.app"
  },
  "client": [
    {
      "client_info": {
        "mobilesdk_app_id": "1:1085848859236:android:cfff897e6fdab6889b6571",
        "android_client_info": {
          "package_name": "com.reservation.eventify"
        }
      },
      "oauth_client": [],
      "api_key": [
        {
          "current_key": "AIzaSyBdx3JR3rLP6jlKlI7XzPC_FQXvHpGHCMU"
        }
      ],
      "services": {
        "appinvite_service": {
          "other_platform_oauth_client": []
        }
      }
    }
  ],
  "configuration_version": "1"
}